sample;genome;spike-ins;timepoint;library
GRCh38_ERCC92_velo_CMdiff_d10_820_Z31-S5_N24;GRCh38;ERCC92;d10;820
GRCh38_ERCC92_velo_CMdiff_d10_820_Z31-S5_O18;GRCh38;ERCC92;d10;820
GRCh38_ERCC92_velo_CMdiff_d10_820_Z31-S5_J22;GRCh38;ERCC92;d10;820
GRCh38_ERCC92_velo_CMdiff_d10_820_Z31-S5_P8;GRCh38;ERCC92;d10;820
GRCh38_ERCC92_velo_CMdiff_d10_820_Z31-S5_N22;GRCh38;ERCC92;d10;820
GRCh38_ERCC92_velo_CMdiff_d10_820_Z31-S5_L15;GRCh38;ERCC92;d10;820
GRCh38_ERCC92_velo_CMdiff_d10_820_Z31-S5_D1;GRCh38;ERCC92;d10;820
GRCh38_ERCC92_velo_CMdiff_d10_820_Z31-S5_P14;GRCh38;ERCC92;d10;820
GRCh38_ERCC92_velo_CMdiff_d10_820_Z31-S5_J17;GRCh38;ERCC92;d10;820
GRCh38_ERCC92_velo_CMdiff_d10_820_Z31-S5_E9;GRCh38;ERCC92;d10;820
GRCh38_ERCC92_velo_CMdiff_d10_820_Z31-S5_P15;GRCh38;ERCC92;d10;820
GRCh38_ERCC92_velo_CMdiff_d10_820_Z31-S5_M17;GRCh38;ERCC92;d10;820
GRCh38_ERCC92_velo_CMdiff_d10_820_Z31-S5_G11;GRCh38;ERCC92;d10;820
GRCh38_ERCC92_velo_CMdiff_d10_820_Z31-S5_L11;GRCh38;ERCC92;d10;820
GRCh38_ERCC92_velo_CMdiff_d10_820_Z31-S5_I16;GRCh38;ERCC92;d10;820
GRCh38_ERCC92_velo_CMdiff_d10_820_Z31-S5_B12;GRCh38;ERCC92;d10;820
GRCh38_ERCC92_velo_CMdiff_d10_820_Z31-S5_H12;GRCh38;ERCC92;d10;820
GRCh38_ERCC92_velo_CMdiff_d10_820_Z31-S5_C24;GRCh38;ERCC92;d10;820
GRCh38_ERCC92_velo_CMdiff_d10_820_Z31-S5_C12;GRCh38;ERCC92;d10;820
GRCh38_ERCC92_velo_CMdiff_d10_820_Z31-S5_L14;GRCh38;ERCC92;d10;820
GRCh38_ERCC92_velo_CMdiff_d10_820_Z31-S5_M2;GRCh38;ERCC92;d10;820
GRCh38_ERCC92_velo_CMdiff_d10_820_Z31-S5_E20;GRCh38;ERCC92;d10;820
GRCh38_ERCC92_velo_CMdiff_d10_820_Z31-S5_D22;GRCh38;ERCC92;d10;820
GRCh38_ERCC92_velo_CMdiff_d10_820_Z31-S5_N13;GRCh38;ERCC92;d10;820
GRCh38_ERCC92_velo_CMdiff_d10_820_Z31-S5_J23;GRCh38;ERCC92;d10;820
GRCh38_ERCC92_velo_CMdiff_d10_820_Z31-S5_G5;GRCh38;ERCC92;d10;820
GRCh38_ERCC92_velo_CMdiff_d10_820_Z31-S5_F9;GRCh38;ERCC92;d10;820
GRCh38_ERCC92_velo_CMdiff_d10_820_Z31-S5_N1;GRCh38;ERCC92;d10;820
GRCh38_ERCC92_velo_CMdiff_d10_820_Z31-S5_M6;GRCh38;ERCC92;d10;820
GRCh38_ERCC92_velo_CMdiff_d10_820_Z31-S5_F20;GRCh38;ERCC92;d10;820
GRCh38_ERCC92_velo_CMdiff_d10_820_Z31-S5_B24;GRCh38;ERCC92;d10;820
GRCh38_ERCC92_velo_CMdiff_d10_820_Z31-S5_B8;GRCh38;ERCC92;d10;820
GRCh38_ERCC92_velo_CMdiff_d10_820_Z31-S5_L13;GRCh38;ERCC92;d10;820
GRCh38_ERCC92_velo_CMdiff_d10_820_Z31-S5_F12;GRCh38;ERCC92;d10;820
GRCh38_ERCC92_velo_CMdiff_d10_820_Z31-S5_B22;GRCh38;ERCC92;d10;820
GRCh38_ERCC92_velo_CMdiff_d10_820_Z31-S5_P3;GRCh38;ERCC92;d10;820
GRCh38_ERCC92_velo_CMdiff_d10_820_Z31-S5_O7;GRCh38;ERCC92;d10;820
GRCh38_ERCC92_velo_CMdiff_d10_820_Z31-S5_G1;GRCh38;ERCC92;d10;820
GRCh38_ERCC92_velo_CMdiff_d10_820_Z31-S5_K11;GRCh38;ERCC92;d10;820
GRCh38_ERCC92_velo_CMdiff_d10_820_Z31-S5_N20;GRCh38;ERCC92;d10;820
GRCh38_ERCC92_velo_CMdiff_d10_820_Z31-S5_A12;GRCh38;ERCC92;d10;820
GRCh38_ERCC92_velo_CMdiff_d10_820_Z31-S5_B4;GRCh38;ERCC92;d10;820
GRCh38_ERCC92_velo_CMdiff_d10_820_Z31-S5_F10;GRCh38;ERCC92;d10;820
GRCh38_ERCC92_velo_CMdiff_d10_820_Z31-S5_G14;GRCh38;ERCC92;d10;820
GRCh38_ERCC92_velo_CMdiff_d10_820_Z31-S5_I17;GRCh38;ERCC92;d10;820
GRCh38_ERCC92_velo_CMdiff_d10_820_Z31-S5_E17;GRCh38;ERCC92;d10;820
GRCh38_ERCC92_velo_CMdiff_d10_820_Z31-S5_G8;GRCh38;ERCC92;d10;820
GRCh38_ERCC92_velo_CMdiff_d10_820_Z31-S5_O10;GRCh38;ERCC92;d10;820
GRCh38_ERCC92_velo_CMdiff_d10_820_Z31-S5_K6;GRCh38;ERCC92;d10;820
GRCh38_ERCC92_velo_CMdiff_d10_820_Z31-S5_C11;GRCh38;ERCC92;d10;820
GRCh38_ERCC92_velo_CMdiff_d10_820_Z31-S5_D3;GRCh38;ERCC92;d10;820
GRCh38_ERCC92_velo_CMdiff_d10_820_Z31-S5_I15;GRCh38;ERCC92;d10;820
GRCh38_ERCC92_velo_CMdiff_d10_820_Z31-S5_H21;GRCh38;ERCC92;d10;820
GRCh38_ERCC92_velo_CMdiff_d10_820_Z31-S5_A2;GRCh38;ERCC92;d10;820
GRCh38_ERCC92_velo_CMdiff_d10_820_Z31-S5_D15;GRCh38;ERCC92;d10;820
GRCh38_ERCC92_velo_CMdiff_d10_820_Z31-S5_L10;GRCh38;ERCC92;d10;820
GRCh38_ERCC92_velo_CMdiff_d10_820_Z31-S5_O16;GRCh38;ERCC92;d10;820
GRCh38_ERCC92_velo_CMdiff_d10_820_Z31-S5_E10;GRCh38;ERCC92;d10;820
GRCh38_ERCC92_velo_CMdiff_d10_820_Z31-S5_P12;GRCh38;ERCC92;d10;820
GRCh38_ERCC92_velo_CMdiff_d10_820_Z31-S5_E5;GRCh38;ERCC92;d10;820
GRCh38_ERCC92_velo_CMdiff_d10_820_Z31-S5_H23;GRCh38;ERCC92;d10;820
GRCh38_ERCC92_velo_CMdiff_d10_820_Z31-S5_K4;GRCh38;ERCC92;d10;820
GRCh38_ERCC92_velo_CMdiff_d10_820_Z31-S5_N7;GRCh38;ERCC92;d10;820
GRCh38_ERCC92_velo_CMdiff_d10_820_Z31-S5_B5;GRCh38;ERCC92;d10;820
GRCh38_ERCC92_velo_CMdiff_d10_820_Z31-S5_I24;GRCh38;ERCC92;d10;820
GRCh38_ERCC92_velo_CMdiff_d10_820_Z31-S5_L24;GRCh38;ERCC92;d10;820
GRCh38_ERCC92_velo_CMdiff_d10_820_Z31-S5_I19;GRCh38;ERCC92;d10;820
GRCh38_ERCC92_velo_CMdiff_d10_820_Z31-S5_M4;GRCh38;ERCC92;d10;820
GRCh38_ERCC92_velo_CMdiff_d10_820_Z31-S5_D14;GRCh38;ERCC92;d10;820
GRCh38_ERCC92_velo_CMdiff_d10_820_Z31-S5_N5;GRCh38;ERCC92;d10;820
GRCh38_ERCC92_velo_CMdiff_d10_820_Z31-S5_M11;GRCh38;ERCC92;d10;820
GRCh38_ERCC92_velo_CMdiff_d10_820_Z31-S5_P23;GRCh38;ERCC92;d10;820
GRCh38_ERCC92_velo_CMdiff_d10_820_Z31-S5_I18;GRCh38;ERCC92;d10;820
GRCh38_ERCC92_velo_CMdiff_d10_820_Z31-S5_B23;GRCh38;ERCC92;d10;820
GRCh38_ERCC92_velo_CMdiff_d10_820_Z31-S5_P22;GRCh38;ERCC92;d10;820
GRCh38_ERCC92_velo_CMdiff_d10_820_Z31-S5_G10;GRCh38;ERCC92;d10;820
GRCh38_ERCC92_velo_CMdiff_d10_820_Z31-S5_J24;GRCh38;ERCC92;d10;820
GRCh38_ERCC92_velo_CMdiff_d10_820_Z31-S5_G21;GRCh38;ERCC92;d10;820
GRCh38_ERCC92_velo_CMdiff_d10_820_Z31-S5_A6;GRCh38;ERCC92;d10;820
GRCh38_ERCC92_velo_CMdiff_d10_820_Z31-S5_N2;GRCh38;ERCC92;d10;820
GRCh38_ERCC92_velo_CMdiff_d10_820_Z31-S5_G15;GRCh38;ERCC92;d10;820
GRCh38_ERCC92_velo_CMdiff_d10_820_Z31-S5_O3;GRCh38;ERCC92;d10;820
GRCh38_ERCC92_velo_CMdiff_d10_820_Z31-S5_N14;GRCh38;ERCC92;d10;820
GRCh38_ERCC92_velo_CMdiff_d10_820_Z31-S5_K22;GRCh38;ERCC92;d10;820
GRCh38_ERCC92_velo_CMdiff_d10_820_Z31-S5_N4;GRCh38;ERCC92;d10;820
GRCh38_ERCC92_velo_CMdiff_d10_820_Z31-S5_A17;GRCh38;ERCC92;d10;820
GRCh38_ERCC92_velo_CMdiff_d10_820_Z31-S5_J1;GRCh38;ERCC92;d10;820
GRCh38_ERCC92_velo_CMdiff_d10_820_Z31-S5_I10;GRCh38;ERCC92;d10;820
GRCh38_ERCC92_velo_CMdiff_d10_820_Z31-S5_H7;GRCh38;ERCC92;d10;820
GRCh38_ERCC92_velo_CMdiff_d10_820_Z31-S5_F22;GRCh38;ERCC92;d10;820
GRCh38_ERCC92_velo_CMdiff_d10_820_Z31-S5_D24;GRCh38;ERCC92;d10;820
GRCh38_ERCC92_velo_CMdiff_d10_820_Z31-S5_C23;GRCh38;ERCC92;d10;820
GRCh38_ERCC92_velo_CMdiff_d10_820_Z31-S5_M1;GRCh38;ERCC92;d10;820
GRCh38_ERCC92_velo_CMdiff_d10_820_Z31-S5_F18;GRCh38;ERCC92;d10;820
GRCh38_ERCC92_velo_CMdiff_d10_820_Z31-S5_A5;GRCh38;ERCC92;d10;820
GRCh38_ERCC92_velo_CMdiff_d10_820_Z31-S5_J21;GRCh38;ERCC92;d10;820
GRCh38_ERCC92_velo_CMdiff_d10_820_Z31-S5_M24;GRCh38;ERCC92;d10;820
GRCh38_ERCC92_velo_CMdiff_d10_820_Z31-S5_D2;GRCh38;ERCC92;d10;820
GRCh38_ERCC92_velo_CMdiff_d10_820_Z31-S5_I8;GRCh38;ERCC92;d10;820
GRCh38_ERCC92_velo_CMdiff_d10_820_Z31-S5_I21;GRCh38;ERCC92;d10;820
GRCh38_ERCC92_velo_CMdiff_d10_820_Z31-S5_I14;GRCh38;ERCC92;d10;820
GRCh38_ERCC92_velo_CMdiff_d10_820_Z31-S5_J12;GRCh38;ERCC92;d10;820
GRCh38_ERCC92_velo_CMdiff_d10_820_Z31-S5_P13;GRCh38;ERCC92;d10;820
GRCh38_ERCC92_velo_CMdiff_d10_820_Z31-S5_C7;GRCh38;ERCC92;d10;820
GRCh38_ERCC92_velo_CMdiff_d10_820_Z31-S5_C3;GRCh38;ERCC92;d10;820
GRCh38_ERCC92_velo_CMdiff_d10_820_Z31-S5_H13;GRCh38;ERCC92;d10;820
GRCh38_ERCC92_velo_CMdiff_d10_820_Z31-S5_P21;GRCh38;ERCC92;d10;820
GRCh38_ERCC92_velo_CMdiff_d10_820_Z31-S5_D11;GRCh38;ERCC92;d10;820
GRCh38_ERCC92_velo_CMdiff_d10_820_Z31-S5_J19;GRCh38;ERCC92;d10;820
GRCh38_ERCC92_velo_CMdiff_d10_820_Z31-S5_O6;GRCh38;ERCC92;d10;820
GRCh38_ERCC92_velo_CMdiff_d10_820_Z31-S5_P19;GRCh38;ERCC92;d10;820
GRCh38_ERCC92_velo_CMdiff_d10_820_Z31-S5_O14;GRCh38;ERCC92;d10;820
GRCh38_ERCC92_velo_CMdiff_d10_820_Z31-S5_F1;GRCh38;ERCC92;d10;820
GRCh38_ERCC92_velo_CMdiff_d10_820_Z31-S5_C22;GRCh38;ERCC92;d10;820
GRCh38_ERCC92_velo_CMdiff_d10_820_Z31-S5_A20;GRCh38;ERCC92;d10;820
GRCh38_ERCC92_velo_CMdiff_d10_820_Z31-S5_J8;GRCh38;ERCC92;d10;820
GRCh38_ERCC92_velo_CMdiff_d10_820_Z31-S5_D20;GRCh38;ERCC92;d10;820
GRCh38_ERCC92_velo_CMdiff_d10_820_Z31-S5_J5;GRCh38;ERCC92;d10;820
GRCh38_ERCC92_velo_CMdiff_d10_820_Z31-S5_G13;GRCh38;ERCC92;d10;820
GRCh38_ERCC92_velo_CMdiff_d10_820_Z31-S5_H24;GRCh38;ERCC92;d10;820
GRCh38_ERCC92_velo_CMdiff_d10_820_Z31-S5_F11;GRCh38;ERCC92;d10;820
GRCh38_ERCC92_velo_CMdiff_d10_820_Z31-S5_M12;GRCh38;ERCC92;d10;820
GRCh38_ERCC92_velo_CMdiff_d10_820_Z31-S5_A22;GRCh38;ERCC92;d10;820
GRCh38_ERCC92_velo_CMdiff_d10_820_Z31-S5_P10;GRCh38;ERCC92;d10;820
GRCh38_ERCC92_velo_CMdiff_d10_820_Z31-S5_K12;GRCh38;ERCC92;d10;820
GRCh38_ERCC92_velo_CMdiff_d10_820_Z31-S5_B11;GRCh38;ERCC92;d10;820
GRCh38_ERCC92_velo_CMdiff_d10_820_Z31-S5_D17;GRCh38;ERCC92;d10;820
GRCh38_ERCC92_velo_CMdiff_d10_820_Z31-S5_M5;GRCh38;ERCC92;d10;820
GRCh38_ERCC92_velo_CMdiff_d10_820_Z31-S5_B1;GRCh38;ERCC92;d10;820
GRCh38_ERCC92_velo_CMdiff_d10_820_Z31-S5_J16;GRCh38;ERCC92;d10;820
GRCh38_ERCC92_velo_CMdiff_d10_820_Z31-S5_E12;GRCh38;ERCC92;d10;820
GRCh38_ERCC92_velo_CMdiff_d10_820_Z31-S5_I9;GRCh38;ERCC92;d10;820
GRCh38_ERCC92_velo_CMdiff_d10_820_Z31-S5_K23;GRCh38;ERCC92;d10;820
GRCh38_ERCC92_velo_CMdiff_d10_820_Z31-S5_M21;GRCh38;ERCC92;d10;820
GRCh38_ERCC92_velo_CMdiff_d10_820_Z31-S5_N16;GRCh38;ERCC92;d10;820
GRCh38_ERCC92_velo_CMdiff_d10_820_Z31-S5_L21;GRCh38;ERCC92;d10;820
GRCh38_ERCC92_velo_CMdiff_d10_820_Z31-S5_K9;GRCh38;ERCC92;d10;820
GRCh38_ERCC92_velo_CMdiff_d10_820_Z31-S5_E22;GRCh38;ERCC92;d10;820
GRCh38_ERCC92_velo_CMdiff_d10_820_Z31-S5_B3;GRCh38;ERCC92;d10;820
GRCh38_ERCC92_velo_CMdiff_d10_820_Z31-S5_F2;GRCh38;ERCC92;d10;820
GRCh38_ERCC92_velo_CMdiff_d10_820_Z31-S5_O15;GRCh38;ERCC92;d10;820
GRCh38_ERCC92_velo_CMdiff_d10_820_Z31-S5_B19;GRCh38;ERCC92;d10;820
GRCh38_ERCC92_velo_CMdiff_d10_820_Z31-S5_M16;GRCh38;ERCC92;d10;820
GRCh38_ERCC92_velo_CMdiff_d10_820_Z31-S5_P18;GRCh38;ERCC92;d10;820
GRCh38_ERCC92_velo_CMdiff_d10_820_Z31-S5_H18;GRCh38;ERCC92;d10;820
GRCh38_ERCC92_velo_CMdiff_d10_820_Z31-S5_C5;GRCh38;ERCC92;d10;820
GRCh38_ERCC92_velo_CMdiff_d10_820_Z31-S5_M23;GRCh38;ERCC92;d10;820
GRCh38_ERCC92_velo_CMdiff_d10_820_Z31-S5_N17;GRCh38;ERCC92;d10;820
GRCh38_ERCC92_velo_CMdiff_d10_820_Z31-S5_D21;GRCh38;ERCC92;d10;820
GRCh38_ERCC92_velo_CMdiff_d10_820_Z31-S5_J14;GRCh38;ERCC92;d10;820
GRCh38_ERCC92_velo_CMdiff_d10_820_Z31-S5_L20;GRCh38;ERCC92;d10;820
GRCh38_ERCC92_velo_CMdiff_d10_820_Z31-S5_O22;GRCh38;ERCC92;d10;820
GRCh38_ERCC92_velo_CMdiff_d10_820_Z31-S5_J6;GRCh38;ERCC92;d10;820
GRCh38_ERCC92_velo_CMdiff_d10_820_Z31-S5_G22;GRCh38;ERCC92;d10;820
GRCh38_ERCC92_velo_CMdiff_d10_820_Z31-S5_F21;GRCh38;ERCC92;d10;820
GRCh38_ERCC92_velo_CMdiff_d10_820_Z31-S5_E2;GRCh38;ERCC92;d10;820
GRCh38_ERCC92_velo_CMdiff_d10_820_Z31-S5_L16;GRCh38;ERCC92;d10;820
GRCh38_ERCC92_velo_CMdiff_d10_820_Z31-S5_G23;GRCh38;ERCC92;d10;820
GRCh38_ERCC92_velo_CMdiff_d10_820_Z31-S5_M10;GRCh38;ERCC92;d10;820
GRCh38_ERCC92_velo_CMdiff_d10_820_Z31-S5_K8;GRCh38;ERCC92;d10;820
GRCh38_ERCC92_velo_CMdiff_d10_820_Z31-S5_I12;GRCh38;ERCC92;d10;820
GRCh38_ERCC92_velo_CMdiff_d10_820_Z31-S5_M15;GRCh38;ERCC92;d10;820
GRCh38_ERCC92_velo_CMdiff_d10_820_Z31-S5_P7;GRCh38;ERCC92;d10;820
GRCh38_ERCC92_velo_CMdiff_d10_820_Z31-S5_I13;GRCh38;ERCC92;d10;820
GRCh38_ERCC92_velo_CMdiff_d10_820_Z31-S5_O21;GRCh38;ERCC92;d10;820
GRCh38_ERCC92_velo_CMdiff_d10_820_Z31-S5_O24;GRCh38;ERCC92;d10;820
GRCh38_ERCC92_velo_CMdiff_d10_820_Z31-S5_G18;GRCh38;ERCC92;d10;820
GRCh38_ERCC92_velo_CMdiff_d10_820_Z31-S5_P17;GRCh38;ERCC92;d10;820
GRCh38_ERCC92_velo_CMdiff_d10_820_Z31-S5_A1;GRCh38;ERCC92;d10;820
GRCh38_ERCC92_velo_CMdiff_d10_820_Z31-S5_K5;GRCh38;ERCC92;d10;820
GRCh38_ERCC92_velo_CMdiff_d10_820_Z31-S5_F16;GRCh38;ERCC92;d10;820
GRCh38_ERCC92_velo_CMdiff_d10_820_Z31-S5_I2;GRCh38;ERCC92;d10;820
GRCh38_ERCC92_velo_CMdiff_d10_820_Z31-S5_E13;GRCh38;ERCC92;d10;820
GRCh38_ERCC92_velo_CMdiff_d10_820_Z31-S5_D6;GRCh38;ERCC92;d10;820
GRCh38_ERCC92_velo_CMdiff_d10_820_Z31-S5_E23;GRCh38;ERCC92;d10;820
GRCh38_ERCC92_velo_CMdiff_d10_820_Z31-S5_N15;GRCh38;ERCC92;d10;820
GRCh38_ERCC92_velo_CMdiff_d10_820_Z31-S5_F15;GRCh38;ERCC92;d10;820
GRCh38_ERCC92_velo_CMdiff_d10_820_Z31-S5_L22;GRCh38;ERCC92;d10;820
GRCh38_ERCC92_velo_CMdiff_d10_820_Z31-S5_P24;GRCh38;ERCC92;d10;820
GRCh38_ERCC92_velo_CMdiff_d10_820_Z31-S5_H11;GRCh38;ERCC92;d10;820
GRCh38_ERCC92_velo_CMdiff_d10_820_Z31-S5_K24;GRCh38;ERCC92;d10;820
GRCh38_ERCC92_velo_CMdiff_d10_820_Z31-S5_A19;GRCh38;ERCC92;d10;820
GRCh38_ERCC92_velo_CMdiff_d10_820_Z31-S5_F14;GRCh38;ERCC92;d10;820
GRCh38_ERCC92_velo_CMdiff_d10_820_Z31-S5_J3;GRCh38;ERCC92;d10;820
GRCh38_ERCC92_velo_CMdiff_d10_820_Z31-S5_P2;GRCh38;ERCC92;d10;820
GRCh38_ERCC92_velo_CMdiff_d10_820_Z31-S5_A24;GRCh38;ERCC92;d10;820
GRCh38_ERCC92_velo_CMdiff_d10_820_Z31-S5_E1;GRCh38;ERCC92;d10;820
GRCh38_ERCC92_velo_CMdiff_d10_820_Z31-S5_G12;GRCh38;ERCC92;d10;820
GRCh38_ERCC92_velo_CMdiff_d10_820_Z31-S5_B2;GRCh38;ERCC92;d10;820
GRCh38_ERCC92_velo_CMdiff_d10_820_Z31-S5_N23;GRCh38;ERCC92;d10;820
GRCh38_ERCC92_velo_CMdiff_d10_820_Z31-S5_C15;GRCh38;ERCC92;d10;820
GRCh38_ERCC92_velo_CMdiff_d10_820_Z31-S5_E24;GRCh38;ERCC92;d10;820
GRCh38_ERCC92_velo_CMdiff_d10_820_Z31-S5_C4;GRCh38;ERCC92;d10;820
GRCh38_ERCC92_velo_CMdiff_d10_820_Z31-S5_C16;GRCh38;ERCC92;d10;820
GRCh38_ERCC92_velo_CMdiff_d10_820_Z31-S5_O9;GRCh38;ERCC92;d10;820
GRCh38_ERCC92_velo_CMdiff_d10_820_Z31-S5_N12;GRCh38;ERCC92;d10;820
GRCh38_ERCC92_velo_CMdiff_d10_820_Z31-S5_I6;GRCh38;ERCC92;d10;820
GRCh38_ERCC92_velo_CMdiff_d10_820_Z31-S5_G3;GRCh38;ERCC92;d10;820
GRCh38_ERCC92_velo_CMdiff_d10_820_Z31-S5_K10;GRCh38;ERCC92;d10;820
GRCh38_ERCC92_velo_CMdiff_d10_820_Z31-S5_F7;GRCh38;ERCC92;d10;820
GRCh38_ERCC92_velo_CMdiff_d10_820_Z31-S5_K16;GRCh38;ERCC92;d10;820
GRCh38_ERCC92_velo_CMdiff_d10_820_Z31-S5_O20;GRCh38;ERCC92;d10;820
GRCh38_ERCC92_velo_CMdiff_d10_820_Z31-S5_H6;GRCh38;ERCC92;d10;820
GRCh38_ERCC92_velo_CMdiff_d10_820_Z31-S5_H9;GRCh38;ERCC92;d10;820
GRCh38_ERCC92_velo_CMdiff_d10_820_Z31-S5_I11;GRCh38;ERCC92;d10;820
GRCh38_ERCC92_velo_CMdiff_d10_820_Z31-S5_C6;GRCh38;ERCC92;d10;820
GRCh38_ERCC92_velo_CMdiff_d10_820_Z31-S5_M13;GRCh38;ERCC92;d10;820
GRCh38_ERCC92_velo_CMdiff_d10_820_Z31-S5_H16;GRCh38;ERCC92;d10;820
GRCh38_ERCC92_velo_CMdiff_d10_820_Z31-S5_D7;GRCh38;ERCC92;d10;820
GRCh38_ERCC92_velo_CMdiff_d10_820_Z31-S5_J15;GRCh38;ERCC92;d10;820
GRCh38_ERCC92_velo_CMdiff_d10_820_Z31-S5_D8;GRCh38;ERCC92;d10;820
GRCh38_ERCC92_velo_CMdiff_d10_820_Z31-S5_D5;GRCh38;ERCC92;d10;820
GRCh38_ERCC92_velo_CMdiff_d10_820_Z31-S5_B16;GRCh38;ERCC92;d10;820
GRCh38_ERCC92_velo_CMdiff_d10_820_Z31-S5_C1;GRCh38;ERCC92;d10;820
GRCh38_ERCC92_velo_CMdiff_d10_820_Z31-S5_C13;GRCh38;ERCC92;d10;820
GRCh38_ERCC92_velo_CMdiff_d10_820_Z31-S5_P20;GRCh38;ERCC92;d10;820
GRCh38_ERCC92_velo_CMdiff_d10_820_Z31-S5_P9;GRCh38;ERCC92;d10;820
GRCh38_ERCC92_velo_CMdiff_d10_820_Z31-S5_H1;GRCh38;ERCC92;d10;820
GRCh38_ERCC92_velo_CMdiff_d10_820_Z31-S5_A3;GRCh38;ERCC92;d10;820
GRCh38_ERCC92_velo_CMdiff_d10_820_Z31-S5_O11;GRCh38;ERCC92;d10;820
GRCh38_ERCC92_velo_CMdiff_d10_820_Z31-S5_K2;GRCh38;ERCC92;d10;820
GRCh38_ERCC92_velo_CMdiff_d10_820_Z31-S5_J11;GRCh38;ERCC92;d10;820
GRCh38_ERCC92_velo_CMdiff_d10_820_Z31-S5_O12;GRCh38;ERCC92;d10;820
GRCh38_ERCC92_velo_CMdiff_d10_820_Z31-S5_K15;GRCh38;ERCC92;d10;820
GRCh38_ERCC92_velo_CMdiff_d10_820_Z31-S5_K1;GRCh38;ERCC92;d10;820
GRCh38_ERCC92_velo_CMdiff_d10_820_Z31-S5_N19;GRCh38;ERCC92;d10;820
GRCh38_ERCC92_velo_CMdiff_d10_820_Z31-S5_E21;GRCh38;ERCC92;d10;820
GRCh38_ERCC92_velo_CMdiff_d10_820_Z31-S5_P5;GRCh38;ERCC92;d10;820
GRCh38_ERCC92_velo_CMdiff_d10_820_Z31-S5_K17;GRCh38;ERCC92;d10;820
GRCh38_ERCC92_velo_CMdiff_d10_820_Z31-S5_M3;GRCh38;ERCC92;d10;820
GRCh38_ERCC92_velo_CMdiff_d10_820_Z31-S5_D9;GRCh38;ERCC92;d10;820
GRCh38_ERCC92_velo_CMdiff_d10_820_Z31-S5_L2;GRCh38;ERCC92;d10;820
GRCh38_ERCC92_velo_CMdiff_d10_820_Z31-S5_C9;GRCh38;ERCC92;d10;820
GRCh38_ERCC92_velo_CMdiff_d10_820_Z31-S5_N10;GRCh38;ERCC92;d10;820
GRCh38_ERCC92_velo_CMdiff_d10_820_Z31-S5_A15;GRCh38;ERCC92;d10;820
GRCh38_ERCC92_velo_CMdiff_d10_820_Z31-S5_B21;GRCh38;ERCC92;d10;820
GRCh38_ERCC92_velo_CMdiff_d10_820_Z31-S5_P6;GRCh38;ERCC92;d10;820
GRCh38_ERCC92_velo_CMdiff_d10_820_Z31-S5_L9;GRCh38;ERCC92;d10;820
GRCh38_ERCC92_velo_CMdiff_d10_820_Z31-S5_G7;GRCh38;ERCC92;d10;820
GRCh38_ERCC92_velo_CMdiff_d10_820_Z31-S5_D19;GRCh38;ERCC92;d10;820
GRCh38_ERCC92_velo_CMdiff_d10_820_Z31-S5_E19;GRCh38;ERCC92;d10;820
GRCh38_ERCC92_velo_CMdiff_d10_820_Z31-S5_B9;GRCh38;ERCC92;d10;820
GRCh38_ERCC92_velo_CMdiff_d10_820_Z31-S5_D16;GRCh38;ERCC92;d10;820
GRCh38_ERCC92_velo_CMdiff_d10_820_Z31-S5_O2;GRCh38;ERCC92;d10;820
GRCh38_ERCC92_velo_CMdiff_d10_820_Z31-S5_I3;GRCh38;ERCC92;d10;820
GRCh38_ERCC92_velo_CMdiff_d10_820_Z31-S5_D18;GRCh38;ERCC92;d10;820
GRCh38_ERCC92_velo_CMdiff_d10_820_Z31-S5_J20;GRCh38;ERCC92;d10;820
GRCh38_ERCC92_velo_CMdiff_d10_820_Z31-S5_C14;GRCh38;ERCC92;d10;820
GRCh38_ERCC92_velo_CMdiff_d10_820_Z31-S5_E11;GRCh38;ERCC92;d10;820
GRCh38_ERCC92_velo_CMdiff_d10_820_Z31-S5_L18;GRCh38;ERCC92;d10;820
GRCh38_ERCC92_velo_CMdiff_d10_820_Z31-S5_G2;GRCh38;ERCC92;d10;820
GRCh38_ERCC92_velo_CMdiff_d10_820_Z31-S5_H19;GRCh38;ERCC92;d10;820
GRCh38_ERCC92_velo_CMdiff_d10_820_Z31-S5_L19;GRCh38;ERCC92;d10;820
GRCh38_ERCC92_velo_CMdiff_d10_820_Z31-S5_E16;GRCh38;ERCC92;d10;820
GRCh38_ERCC92_velo_CMdiff_d10_820_Z31-S5_K7;GRCh38;ERCC92;d10;820
GRCh38_ERCC92_velo_CMdiff_d10_820_Z31-S5_D12;GRCh38;ERCC92;d10;820
GRCh38_ERCC92_velo_CMdiff_d10_820_Z31-S5_G6;GRCh38;ERCC92;d10;820
GRCh38_ERCC92_velo_CMdiff_d10_820_Z31-S5_L5;GRCh38;ERCC92;d10;820
GRCh38_ERCC92_velo_CMdiff_d10_820_Z31-S5_G24;GRCh38;ERCC92;d10;820
GRCh38_ERCC92_velo_CMdiff_d10_820_Z31-S5_F24;GRCh38;ERCC92;d10;820
GRCh38_ERCC92_velo_CMdiff_d10_820_Z31-S5_B20;GRCh38;ERCC92;d10;820
GRCh38_ERCC92_velo_CMdiff_d10_820_Z31-S5_E4;GRCh38;ERCC92;d10;820
GRCh38_ERCC92_velo_CMdiff_d10_820_Z31-S5_P1;GRCh38;ERCC92;d10;820
GRCh38_ERCC92_velo_CMdiff_d10_820_Z31-S5_I22;GRCh38;ERCC92;d10;820
GRCh38_ERCC92_velo_CMdiff_d10_820_Z31-S5_I1;GRCh38;ERCC92;d10;820
GRCh38_ERCC92_velo_CMdiff_d10_820_Z31-S5_H10;GRCh38;ERCC92;d10;820
GRCh38_ERCC92_velo_CMdiff_d10_820_Z31-S5_K13;GRCh38;ERCC92;d10;820
GRCh38_ERCC92_velo_CMdiff_d10_820_Z31-S5_O13;GRCh38;ERCC92;d10;820
GRCh38_ERCC92_velo_CMdiff_d10_820_Z31-S5_H20;GRCh38;ERCC92;d10;820
GRCh38_ERCC92_velo_CMdiff_d10_820_Z31-S5_E18;GRCh38;ERCC92;d10;820
GRCh38_ERCC92_velo_CMdiff_d10_820_Z31-S5_K21;GRCh38;ERCC92;d10;820
GRCh38_ERCC92_velo_CMdiff_d10_820_Z31-S5_E3;GRCh38;ERCC92;d10;820
GRCh38_ERCC92_velo_CMdiff_d10_820_Z31-S5_D13;GRCh38;ERCC92;d10;820
GRCh38_ERCC92_velo_CMdiff_d10_820_Z31-S5_L17;GRCh38;ERCC92;d10;820
GRCh38_ERCC92_velo_CMdiff_d10_820_Z31-S5_L6;GRCh38;ERCC92;d10;820
GRCh38_ERCC92_velo_CMdiff_d10_820_Z31-S5_I20;GRCh38;ERCC92;d10;820
GRCh38_ERCC92_velo_CMdiff_d10_820_Z31-S5_B13;GRCh38;ERCC92;d10;820
GRCh38_ERCC92_velo_CMdiff_d10_820_Z31-S5_C8;GRCh38;ERCC92;d10;820
GRCh38_ERCC92_velo_CMdiff_d10_820_Z31-S5_J13;GRCh38;ERCC92;d10;820
GRCh38_ERCC92_velo_CMdiff_d10_820_Z31-S5_K14;GRCh38;ERCC92;d10;820
GRCh38_ERCC92_velo_CMdiff_d10_820_Z31-S5_N8;GRCh38;ERCC92;d10;820
GRCh38_ERCC92_velo_CMdiff_d10_820_Z31-S5_A21;GRCh38;ERCC92;d10;820
GRCh38_ERCC92_velo_CMdiff_d10_820_Z31-S5_G16;GRCh38;ERCC92;d10;820
GRCh38_ERCC92_velo_CMdiff_d10_820_Z31-S5_P11;GRCh38;ERCC92;d10;820
GRCh38_ERCC92_velo_CMdiff_d10_820_Z31-S5_E7;GRCh38;ERCC92;d10;820
GRCh38_ERCC92_velo_CMdiff_d10_820_Z31-S5_F5;GRCh38;ERCC92;d10;820
GRCh38_ERCC92_velo_CMdiff_d10_820_Z31-S5_G4;GRCh38;ERCC92;d10;820
GRCh38_ERCC92_velo_CMdiff_d10_820_Z31-S5_D4;GRCh38;ERCC92;d10;820
GRCh38_ERCC92_velo_CMdiff_d10_820_Z31-S5_O8;GRCh38;ERCC92;d10;820
GRCh38_ERCC92_velo_CMdiff_d10_820_Z31-S5_A14;GRCh38;ERCC92;d10;820
GRCh38_ERCC92_velo_CMdiff_d10_820_Z31-S5_B17;GRCh38;ERCC92;d10;820
GRCh38_ERCC92_velo_CMdiff_d10_820_Z31-S5_C17;GRCh38;ERCC92;d10;820
GRCh38_ERCC92_velo_CMdiff_d10_820_Z31-S5_F3;GRCh38;ERCC92;d10;820
GRCh38_ERCC92_velo_CMdiff_d10_820_Z31-S5_O5;GRCh38;ERCC92;d10;820
GRCh38_ERCC92_velo_CMdiff_d10_820_Z31-S5_B15;GRCh38;ERCC92;d10;820
GRCh38_ERCC92_velo_CMdiff_d10_820_Z31-S5_B10;GRCh38;ERCC92;d10;820
GRCh38_ERCC92_velo_CMdiff_d10_820_Z31-S5_A18;GRCh38;ERCC92;d10;820
GRCh38_ERCC92_velo_CMdiff_d10_820_Z31-S5_A11;GRCh38;ERCC92;d10;820
GRCh38_ERCC92_velo_CMdiff_d10_820_Z31-S5_G17;GRCh38;ERCC92;d10;820
GRCh38_ERCC92_velo_CMdiff_d10_820_Z31-S5_F23;GRCh38;ERCC92;d10;820
GRCh38_ERCC92_velo_CMdiff_d10_820_Z31-S5_F6;GRCh38;ERCC92;d10;820
GRCh38_ERCC92_velo_CMdiff_d10_820_Z31-S5_H14;GRCh38;ERCC92;d10;820
GRCh38_ERCC92_velo_CMdiff_d10_820_Z31-S5_L1;GRCh38;ERCC92;d10;820
GRCh38_ERCC92_velo_CMdiff_d10_820_Z31-S5_G20;GRCh38;ERCC92;d10;820
GRCh38_ERCC92_velo_CMdiff_d10_820_Z31-S5_A13;GRCh38;ERCC92;d10;820
GRCh38_ERCC92_velo_CMdiff_d10_820_Z31-S5_L23;GRCh38;ERCC92;d10;820
GRCh38_ERCC92_velo_CMdiff_d10_820_Z31-S5_C20;GRCh38;ERCC92;d10;820
GRCh38_ERCC92_velo_CMdiff_d10_820_Z31-S5_M22;GRCh38;ERCC92;d10;820
GRCh38_ERCC92_velo_CMdiff_d10_820_Z31-S5_M19;GRCh38;ERCC92;d10;820
GRCh38_ERCC92_velo_CMdiff_d10_820_Z31-S5_H4;GRCh38;ERCC92;d10;820
GRCh38_ERCC92_velo_CMdiff_d10_820_Z31-S5_J18;GRCh38;ERCC92;d10;820
GRCh38_ERCC92_velo_CMdiff_d10_820_Z31-S5_F4;GRCh38;ERCC92;d10;820
GRCh38_ERCC92_velo_CMdiff_d10_820_Z31-S5_A4;GRCh38;ERCC92;d10;820
GRCh38_ERCC92_velo_CMdiff_d10_820_Z31-S5_E6;GRCh38;ERCC92;d10;820
GRCh38_ERCC92_velo_CMdiff_d10_820_Z31-S5_L3;GRCh38;ERCC92;d10;820
GRCh38_ERCC92_velo_CMdiff_d10_820_Z31-S5_K18;GRCh38;ERCC92;d10;820
GRCh38_ERCC92_velo_CMdiff_d10_820_Z31-S5_L7;GRCh38;ERCC92;d10;820
GRCh38_ERCC92_velo_CMdiff_d10_820_Z31-S5_H2;GRCh38;ERCC92;d10;820
GRCh38_ERCC92_velo_CMdiff_d10_820_Z31-S5_L8;GRCh38;ERCC92;d10;820
GRCh38_ERCC92_velo_CMdiff_d10_820_Z31-S5_A16;GRCh38;ERCC92;d10;820
GRCh38_ERCC92_velo_CMdiff_d10_820_Z31-S5_J2;GRCh38;ERCC92;d10;820
GRCh38_ERCC92_velo_CMdiff_d10_820_Z31-S5_E15;GRCh38;ERCC92;d10;820
GRCh38_ERCC92_velo_CMdiff_d10_820_Z31-S5_N11;GRCh38;ERCC92;d10;820
GRCh38_ERCC92_velo_CMdiff_d10_820_Z31-S5_K20;GRCh38;ERCC92;d10;820
GRCh38_ERCC92_velo_CMdiff_d10_820_Z31-S5_M14;GRCh38;ERCC92;d10;820
GRCh38_ERCC92_velo_CMdiff_d10_820_Z31-S5_N9;GRCh38;ERCC92;d10;820
GRCh38_ERCC92_velo_CMdiff_d10_820_Z31-S5_J7;GRCh38;ERCC92;d10;820
GRCh38_ERCC92_velo_CMdiff_d10_820_Z31-S5_B6;GRCh38;ERCC92;d10;820
GRCh38_ERCC92_velo_CMdiff_d10_820_Z31-S5_P4;GRCh38;ERCC92;d10;820
GRCh38_ERCC92_velo_CMdiff_d10_820_Z31-S5_C21;GRCh38;ERCC92;d10;820
GRCh38_ERCC92_velo_CMdiff_d10_820_Z31-S5_K3;GRCh38;ERCC92;d10;820
GRCh38_ERCC92_velo_CMdiff_d10_820_Z31-S5_A10;GRCh38;ERCC92;d10;820
GRCh38_ERCC92_velo_CMdiff_d10_820_Z31-S5_B14;GRCh38;ERCC92;d10;820
GRCh38_ERCC92_velo_CMdiff_d10_820_Z31-S5_A23;GRCh38;ERCC92;d10;820
GRCh38_ERCC92_velo_CMdiff_d10_820_Z31-S5_I7;GRCh38;ERCC92;d10;820
GRCh38_ERCC92_velo_CMdiff_d10_820_Z31-S5_B18;GRCh38;ERCC92;d10;820
GRCh38_ERCC92_velo_CMdiff_d10_820_Z31-S5_B7;GRCh38;ERCC92;d10;820
GRCh38_ERCC92_velo_CMdiff_d10_820_Z31-S5_O1;GRCh38;ERCC92;d10;820
GRCh38_ERCC92_velo_CMdiff_d10_820_Z31-S5_O23;GRCh38;ERCC92;d10;820
GRCh38_ERCC92_velo_CMdiff_d10_820_Z31-S5_F19;GRCh38;ERCC92;d10;820
GRCh38_ERCC92_velo_CMdiff_d10_820_Z31-S5_A9;GRCh38;ERCC92;d10;820
GRCh38_ERCC92_velo_CMdiff_d10_820_Z31-S5_H8;GRCh38;ERCC92;d10;820
GRCh38_ERCC92_velo_CMdiff_d10_820_Z31-S5_H17;GRCh38;ERCC92;d10;820
GRCh38_ERCC92_velo_CMdiff_d10_820_Z31-S5_M8;GRCh38;ERCC92;d10;820
GRCh38_ERCC92_velo_CMdiff_d10_820_Z31-S5_O19;GRCh38;ERCC92;d10;820
GRCh38_ERCC92_velo_CMdiff_d10_820_Z31-S5_F13;GRCh38;ERCC92;d10;820
GRCh38_ERCC92_velo_CMdiff_d10_820_Z31-S5_L12;GRCh38;ERCC92;d10;820
GRCh38_ERCC92_velo_CMdiff_d10_820_Z31-S5_H15;GRCh38;ERCC92;d10;820
GRCh38_ERCC92_velo_CMdiff_d10_820_Z31-S5_I4;GRCh38;ERCC92;d10;820
GRCh38_ERCC92_velo_CMdiff_d10_820_Z31-S5_N3;GRCh38;ERCC92;d10;820
GRCh38_ERCC92_velo_CMdiff_d10_820_Z31-S5_M18;GRCh38;ERCC92;d10;820
GRCh38_ERCC92_velo_CMdiff_d10_820_Z31-S5_A7;GRCh38;ERCC92;d10;820
GRCh38_ERCC92_velo_CMdiff_d10_820_Z31-S5_L4;GRCh38;ERCC92;d10;820
GRCh38_ERCC92_velo_CMdiff_d10_820_Z31-S5_A8;GRCh38;ERCC92;d10;820
GRCh38_ERCC92_velo_CMdiff_d10_820_Z31-S5_D23;GRCh38;ERCC92;d10;820
GRCh38_ERCC92_velo_CMdiff_d10_820_Z31-S5_H22;GRCh38;ERCC92;d10;820
GRCh38_ERCC92_velo_CMdiff_d10_820_Z31-S5_J4;GRCh38;ERCC92;d10;820
GRCh38_ERCC92_velo_CMdiff_d10_820_Z31-S5_J9;GRCh38;ERCC92;d10;820
GRCh38_ERCC92_velo_CMdiff_d10_820_Z31-S5_D10;GRCh38;ERCC92;d10;820
GRCh38_ERCC92_velo_CMdiff_d10_820_Z31-S5_I23;GRCh38;ERCC92;d10;820
GRCh38_ERCC92_velo_CMdiff_d10_820_Z31-S5_E8;GRCh38;ERCC92;d10;820
GRCh38_ERCC92_velo_CMdiff_d10_820_Z31-S5_N18;GRCh38;ERCC92;d10;820
GRCh38_ERCC92_velo_CMdiff_d10_820_Z31-S5_O4;GRCh38;ERCC92;d10;820
GRCh38_ERCC92_velo_CMdiff_d10_820_Z31-S5_C2;GRCh38;ERCC92;d10;820
GRCh38_ERCC92_velo_CMdiff_d10_820_Z31-S5_M9;GRCh38;ERCC92;d10;820
GRCh38_ERCC92_velo_CMdiff_d10_820_Z31-S5_C19;GRCh38;ERCC92;d10;820
GRCh38_ERCC92_velo_CMdiff_d10_820_Z31-S5_P16;GRCh38;ERCC92;d10;820
GRCh38_ERCC92_velo_CMdiff_d10_820_Z31-S5_J10;GRCh38;ERCC92;d10;820
GRCh38_ERCC92_velo_CMdiff_d10_820_Z31-S5_M20;GRCh38;ERCC92;d10;820
GRCh38_ERCC92_velo_CMdiff_d10_820_Z31-S5_H5;GRCh38;ERCC92;d10;820
GRCh38_ERCC92_velo_CMdiff_d10_820_Z31-S5_F8;GRCh38;ERCC92;d10;820
GRCh38_ERCC92_velo_CMdiff_d10_820_Z31-S5_K19;GRCh38;ERCC92;d10;820
GRCh38_ERCC92_velo_CMdiff_d10_820_Z31-S5_C10;GRCh38;ERCC92;d10;820
GRCh38_ERCC92_velo_CMdiff_d10_820_Z31-S5_E14;GRCh38;ERCC92;d10;820
GRCh38_ERCC92_velo_CMdiff_d10_820_Z31-S5_I5;GRCh38;ERCC92;d10;820
GRCh38_ERCC92_velo_CMdiff_d10_820_Z31-S5_G9;GRCh38;ERCC92;d10;820
GRCh38_ERCC92_velo_CMdiff_d10_820_Z31-S5_H3;GRCh38;ERCC92;d10;820
GRCh38_ERCC92_velo_CMdiff_d10_820_Z31-S5_N21;GRCh38;ERCC92;d10;820
GRCh38_ERCC92_velo_CMdiff_d10_820_Z31-S5_C18;GRCh38;ERCC92;d10;820
GRCh38_ERCC92_velo_CMdiff_d10_820_Z31-S5_F17;GRCh38;ERCC92;d10;820
GRCh38_ERCC92_velo_CMdiff_d10_820_Z31-S5_G19;GRCh38;ERCC92;d10;820
GRCh38_ERCC92_velo_CMdiff_d10_820_Z31-S5_O17;GRCh38;ERCC92;d10;820
GRCh38_ERCC92_velo_CMdiff_d10_820_Z31-S5_M7;GRCh38;ERCC92;d10;820
GRCh38_ERCC92_velo_CMdiff_d10_820_Z31-S5_N6;GRCh38;ERCC92;d10;820
GRCh38_ERCC92_velo_CMdiff_d12_824_Z30-S9_O18;GRCh38;ERCC92;d12;824
GRCh38_ERCC92_velo_CMdiff_d12_824_Z30-S9_N24;GRCh38;ERCC92;d12;824
GRCh38_ERCC92_velo_CMdiff_d12_824_Z30-S9_J22;GRCh38;ERCC92;d12;824
GRCh38_ERCC92_velo_CMdiff_d12_824_Z30-S9_P8;GRCh38;ERCC92;d12;824
GRCh38_ERCC92_velo_CMdiff_d12_824_Z30-S9_N22;GRCh38;ERCC92;d12;824
GRCh38_ERCC92_velo_CMdiff_d12_824_Z30-S9_L15;GRCh38;ERCC92;d12;824
GRCh38_ERCC92_velo_CMdiff_d12_824_Z30-S9_D1;GRCh38;ERCC92;d12;824
GRCh38_ERCC92_velo_CMdiff_d12_824_Z30-S9_P14;GRCh38;ERCC92;d12;824
GRCh38_ERCC92_velo_CMdiff_d12_824_Z30-S9_J17;GRCh38;ERCC92;d12;824
GRCh38_ERCC92_velo_CMdiff_d12_824_Z30-S9_E9;GRCh38;ERCC92;d12;824
GRCh38_ERCC92_velo_CMdiff_d12_824_Z30-S9_P15;GRCh38;ERCC92;d12;824
GRCh38_ERCC92_velo_CMdiff_d12_824_Z30-S9_M17;GRCh38;ERCC92;d12;824
GRCh38_ERCC92_velo_CMdiff_d12_824_Z30-S9_G11;GRCh38;ERCC92;d12;824
GRCh38_ERCC92_velo_CMdiff_d12_824_Z30-S9_L11;GRCh38;ERCC92;d12;824
GRCh38_ERCC92_velo_CMdiff_d12_824_Z30-S9_I16;GRCh38;ERCC92;d12;824
GRCh38_ERCC92_velo_CMdiff_d12_824_Z30-S9_B12;GRCh38;ERCC92;d12;824
GRCh38_ERCC92_velo_CMdiff_d12_824_Z30-S9_H12;GRCh38;ERCC92;d12;824
GRCh38_ERCC92_velo_CMdiff_d12_824_Z30-S9_C24;GRCh38;ERCC92;d12;824
GRCh38_ERCC92_velo_CMdiff_d12_824_Z30-S9_C12;GRCh38;ERCC92;d12;824
GRCh38_ERCC92_velo_CMdiff_d12_824_Z30-S9_L14;GRCh38;ERCC92;d12;824
GRCh38_ERCC92_velo_CMdiff_d12_824_Z30-S9_M2;GRCh38;ERCC92;d12;824
GRCh38_ERCC92_velo_CMdiff_d12_824_Z30-S9_E20;GRCh38;ERCC92;d12;824
GRCh38_ERCC92_velo_CMdiff_d12_824_Z30-S9_D22;GRCh38;ERCC92;d12;824
GRCh38_ERCC92_velo_CMdiff_d12_824_Z30-S9_N13;GRCh38;ERCC92;d12;824
GRCh38_ERCC92_velo_CMdiff_d12_824_Z30-S9_J23;GRCh38;ERCC92;d12;824
GRCh38_ERCC92_velo_CMdiff_d12_824_Z30-S9_G5;GRCh38;ERCC92;d12;824
GRCh38_ERCC92_velo_CMdiff_d12_824_Z30-S9_F9;GRCh38;ERCC92;d12;824
GRCh38_ERCC92_velo_CMdiff_d12_824_Z30-S9_N1;GRCh38;ERCC92;d12;824
GRCh38_ERCC92_velo_CMdiff_d12_824_Z30-S9_M6;GRCh38;ERCC92;d12;824
GRCh38_ERCC92_velo_CMdiff_d12_824_Z30-S9_F20;GRCh38;ERCC92;d12;824
GRCh38_ERCC92_velo_CMdiff_d12_824_Z30-S9_B24;GRCh38;ERCC92;d12;824
GRCh38_ERCC92_velo_CMdiff_d12_824_Z30-S9_B8;GRCh38;ERCC92;d12;824
GRCh38_ERCC92_velo_CMdiff_d12_824_Z30-S9_L13;GRCh38;ERCC92;d12;824
GRCh38_ERCC92_velo_CMdiff_d12_824_Z30-S9_F12;GRCh38;ERCC92;d12;824
GRCh38_ERCC92_velo_CMdiff_d12_824_Z30-S9_B22;GRCh38;ERCC92;d12;824
GRCh38_ERCC92_velo_CMdiff_d12_824_Z30-S9_P3;GRCh38;ERCC92;d12;824
GRCh38_ERCC92_velo_CMdiff_d12_824_Z30-S9_O7;GRCh38;ERCC92;d12;824
GRCh38_ERCC92_velo_CMdiff_d12_824_Z30-S9_G1;GRCh38;ERCC92;d12;824
GRCh38_ERCC92_velo_CMdiff_d12_824_Z30-S9_K11;GRCh38;ERCC92;d12;824
GRCh38_ERCC92_velo_CMdiff_d12_824_Z30-S9_N20;GRCh38;ERCC92;d12;824
GRCh38_ERCC92_velo_CMdiff_d12_824_Z30-S9_A12;GRCh38;ERCC92;d12;824
GRCh38_ERCC92_velo_CMdiff_d12_824_Z30-S9_B4;GRCh38;ERCC92;d12;824
GRCh38_ERCC92_velo_CMdiff_d12_824_Z30-S9_F10;GRCh38;ERCC92;d12;824
GRCh38_ERCC92_velo_CMdiff_d12_824_Z30-S9_G14;GRCh38;ERCC92;d12;824
GRCh38_ERCC92_velo_CMdiff_d12_824_Z30-S9_I17;GRCh38;ERCC92;d12;824
GRCh38_ERCC92_velo_CMdiff_d12_824_Z30-S9_E17;GRCh38;ERCC92;d12;824
GRCh38_ERCC92_velo_CMdiff_d12_824_Z30-S9_G8;GRCh38;ERCC92;d12;824
GRCh38_ERCC92_velo_CMdiff_d12_824_Z30-S9_O10;GRCh38;ERCC92;d12;824
GRCh38_ERCC92_velo_CMdiff_d12_824_Z30-S9_K6;GRCh38;ERCC92;d12;824
GRCh38_ERCC92_velo_CMdiff_d12_824_Z30-S9_C11;GRCh38;ERCC92;d12;824
GRCh38_ERCC92_velo_CMdiff_d12_824_Z30-S9_D3;GRCh38;ERCC92;d12;824
GRCh38_ERCC92_velo_CMdiff_d12_824_Z30-S9_I15;GRCh38;ERCC92;d12;824
GRCh38_ERCC92_velo_CMdiff_d12_824_Z30-S9_H21;GRCh38;ERCC92;d12;824
GRCh38_ERCC92_velo_CMdiff_d12_824_Z30-S9_A2;GRCh38;ERCC92;d12;824
GRCh38_ERCC92_velo_CMdiff_d12_824_Z30-S9_D15;GRCh38;ERCC92;d12;824
GRCh38_ERCC92_velo_CMdiff_d12_824_Z30-S9_L10;GRCh38;ERCC92;d12;824
GRCh38_ERCC92_velo_CMdiff_d12_824_Z30-S9_O16;GRCh38;ERCC92;d12;824
GRCh38_ERCC92_velo_CMdiff_d12_824_Z30-S9_E10;GRCh38;ERCC92;d12;824
GRCh38_ERCC92_velo_CMdiff_d12_824_Z30-S9_P12;GRCh38;ERCC92;d12;824
GRCh38_ERCC92_velo_CMdiff_d12_824_Z30-S9_E5;GRCh38;ERCC92;d12;824
GRCh38_ERCC92_velo_CMdiff_d12_824_Z30-S9_H23;GRCh38;ERCC92;d12;824
GRCh38_ERCC92_velo_CMdiff_d12_824_Z30-S9_K4;GRCh38;ERCC92;d12;824
GRCh38_ERCC92_velo_CMdiff_d12_824_Z30-S9_N7;GRCh38;ERCC92;d12;824
GRCh38_ERCC92_velo_CMdiff_d12_824_Z30-S9_B5;GRCh38;ERCC92;d12;824
GRCh38_ERCC92_velo_CMdiff_d12_824_Z30-S9_I24;GRCh38;ERCC92;d12;824
GRCh38_ERCC92_velo_CMdiff_d12_824_Z30-S9_L24;GRCh38;ERCC92;d12;824
GRCh38_ERCC92_velo_CMdiff_d12_824_Z30-S9_I19;GRCh38;ERCC92;d12;824
GRCh38_ERCC92_velo_CMdiff_d12_824_Z30-S9_M4;GRCh38;ERCC92;d12;824
GRCh38_ERCC92_velo_CMdiff_d12_824_Z30-S9_D14;GRCh38;ERCC92;d12;824
GRCh38_ERCC92_velo_CMdiff_d12_824_Z30-S9_N5;GRCh38;ERCC92;d12;824
GRCh38_ERCC92_velo_CMdiff_d12_824_Z30-S9_M11;GRCh38;ERCC92;d12;824
GRCh38_ERCC92_velo_CMdiff_d12_824_Z30-S9_P23;GRCh38;ERCC92;d12;824
GRCh38_ERCC92_velo_CMdiff_d12_824_Z30-S9_I18;GRCh38;ERCC92;d12;824
GRCh38_ERCC92_velo_CMdiff_d12_824_Z30-S9_B23;GRCh38;ERCC92;d12;824
GRCh38_ERCC92_velo_CMdiff_d12_824_Z30-S9_P22;GRCh38;ERCC92;d12;824
GRCh38_ERCC92_velo_CMdiff_d12_824_Z30-S9_G10;GRCh38;ERCC92;d12;824
GRCh38_ERCC92_velo_CMdiff_d12_824_Z30-S9_J24;GRCh38;ERCC92;d12;824
GRCh38_ERCC92_velo_CMdiff_d12_824_Z30-S9_G21;GRCh38;ERCC92;d12;824
GRCh38_ERCC92_velo_CMdiff_d12_824_Z30-S9_A6;GRCh38;ERCC92;d12;824
GRCh38_ERCC92_velo_CMdiff_d12_824_Z30-S9_N2;GRCh38;ERCC92;d12;824
GRCh38_ERCC92_velo_CMdiff_d12_824_Z30-S9_G15;GRCh38;ERCC92;d12;824
GRCh38_ERCC92_velo_CMdiff_d12_824_Z30-S9_O3;GRCh38;ERCC92;d12;824
GRCh38_ERCC92_velo_CMdiff_d12_824_Z30-S9_N14;GRCh38;ERCC92;d12;824
GRCh38_ERCC92_velo_CMdiff_d12_824_Z30-S9_K22;GRCh38;ERCC92;d12;824
GRCh38_ERCC92_velo_CMdiff_d12_824_Z30-S9_N4;GRCh38;ERCC92;d12;824
GRCh38_ERCC92_velo_CMdiff_d12_824_Z30-S9_A17;GRCh38;ERCC92;d12;824
GRCh38_ERCC92_velo_CMdiff_d12_824_Z30-S9_J1;GRCh38;ERCC92;d12;824
GRCh38_ERCC92_velo_CMdiff_d12_824_Z30-S9_I10;GRCh38;ERCC92;d12;824
GRCh38_ERCC92_velo_CMdiff_d12_824_Z30-S9_H7;GRCh38;ERCC92;d12;824
GRCh38_ERCC92_velo_CMdiff_d12_824_Z30-S9_F22;GRCh38;ERCC92;d12;824
GRCh38_ERCC92_velo_CMdiff_d12_824_Z30-S9_D24;GRCh38;ERCC92;d12;824
GRCh38_ERCC92_velo_CMdiff_d12_824_Z30-S9_C23;GRCh38;ERCC92;d12;824
GRCh38_ERCC92_velo_CMdiff_d12_824_Z30-S9_M1;GRCh38;ERCC92;d12;824
GRCh38_ERCC92_velo_CMdiff_d12_824_Z30-S9_F18;GRCh38;ERCC92;d12;824
GRCh38_ERCC92_velo_CMdiff_d12_824_Z30-S9_A5;GRCh38;ERCC92;d12;824
GRCh38_ERCC92_velo_CMdiff_d12_824_Z30-S9_J21;GRCh38;ERCC92;d12;824
GRCh38_ERCC92_velo_CMdiff_d12_824_Z30-S9_M24;GRCh38;ERCC92;d12;824
GRCh38_ERCC92_velo_CMdiff_d12_824_Z30-S9_D2;GRCh38;ERCC92;d12;824
GRCh38_ERCC92_velo_CMdiff_d12_824_Z30-S9_I8;GRCh38;ERCC92;d12;824
GRCh38_ERCC92_velo_CMdiff_d12_824_Z30-S9_I21;GRCh38;ERCC92;d12;824
GRCh38_ERCC92_velo_CMdiff_d12_824_Z30-S9_I14;GRCh38;ERCC92;d12;824
GRCh38_ERCC92_velo_CMdiff_d12_824_Z30-S9_J12;GRCh38;ERCC92;d12;824
GRCh38_ERCC92_velo_CMdiff_d12_824_Z30-S9_P13;GRCh38;ERCC92;d12;824
GRCh38_ERCC92_velo_CMdiff_d12_824_Z30-S9_C7;GRCh38;ERCC92;d12;824
GRCh38_ERCC92_velo_CMdiff_d12_824_Z30-S9_C3;GRCh38;ERCC92;d12;824
GRCh38_ERCC92_velo_CMdiff_d12_824_Z30-S9_H13;GRCh38;ERCC92;d12;824
GRCh38_ERCC92_velo_CMdiff_d12_824_Z30-S9_P21;GRCh38;ERCC92;d12;824
GRCh38_ERCC92_velo_CMdiff_d12_824_Z30-S9_D11;GRCh38;ERCC92;d12;824
GRCh38_ERCC92_velo_CMdiff_d12_824_Z30-S9_J19;GRCh38;ERCC92;d12;824
GRCh38_ERCC92_velo_CMdiff_d12_824_Z30-S9_O6;GRCh38;ERCC92;d12;824
GRCh38_ERCC92_velo_CMdiff_d12_824_Z30-S9_P19;GRCh38;ERCC92;d12;824
GRCh38_ERCC92_velo_CMdiff_d12_824_Z30-S9_O14;GRCh38;ERCC92;d12;824
GRCh38_ERCC92_velo_CMdiff_d12_824_Z30-S9_F1;GRCh38;ERCC92;d12;824
GRCh38_ERCC92_velo_CMdiff_d12_824_Z30-S9_C22;GRCh38;ERCC92;d12;824
GRCh38_ERCC92_velo_CMdiff_d12_824_Z30-S9_A20;GRCh38;ERCC92;d12;824
GRCh38_ERCC92_velo_CMdiff_d12_824_Z30-S9_J8;GRCh38;ERCC92;d12;824
GRCh38_ERCC92_velo_CMdiff_d12_824_Z30-S9_D20;GRCh38;ERCC92;d12;824
GRCh38_ERCC92_velo_CMdiff_d12_824_Z30-S9_J5;GRCh38;ERCC92;d12;824
GRCh38_ERCC92_velo_CMdiff_d12_824_Z30-S9_G13;GRCh38;ERCC92;d12;824
GRCh38_ERCC92_velo_CMdiff_d12_824_Z30-S9_H24;GRCh38;ERCC92;d12;824
GRCh38_ERCC92_velo_CMdiff_d12_824_Z30-S9_F11;GRCh38;ERCC92;d12;824
GRCh38_ERCC92_velo_CMdiff_d12_824_Z30-S9_M12;GRCh38;ERCC92;d12;824
GRCh38_ERCC92_velo_CMdiff_d12_824_Z30-S9_A22;GRCh38;ERCC92;d12;824
GRCh38_ERCC92_velo_CMdiff_d12_824_Z30-S9_P10;GRCh38;ERCC92;d12;824
GRCh38_ERCC92_velo_CMdiff_d12_824_Z30-S9_K12;GRCh38;ERCC92;d12;824
GRCh38_ERCC92_velo_CMdiff_d12_824_Z30-S9_B11;GRCh38;ERCC92;d12;824
GRCh38_ERCC92_velo_CMdiff_d12_824_Z30-S9_D17;GRCh38;ERCC92;d12;824
GRCh38_ERCC92_velo_CMdiff_d12_824_Z30-S9_M5;GRCh38;ERCC92;d12;824
GRCh38_ERCC92_velo_CMdiff_d12_824_Z30-S9_B1;GRCh38;ERCC92;d12;824
GRCh38_ERCC92_velo_CMdiff_d12_824_Z30-S9_J16;GRCh38;ERCC92;d12;824
GRCh38_ERCC92_velo_CMdiff_d12_824_Z30-S9_E12;GRCh38;ERCC92;d12;824
GRCh38_ERCC92_velo_CMdiff_d12_824_Z30-S9_I9;GRCh38;ERCC92;d12;824
GRCh38_ERCC92_velo_CMdiff_d12_824_Z30-S9_K23;GRCh38;ERCC92;d12;824
GRCh38_ERCC92_velo_CMdiff_d12_824_Z30-S9_M21;GRCh38;ERCC92;d12;824
GRCh38_ERCC92_velo_CMdiff_d12_824_Z30-S9_N16;GRCh38;ERCC92;d12;824
GRCh38_ERCC92_velo_CMdiff_d12_824_Z30-S9_L21;GRCh38;ERCC92;d12;824
GRCh38_ERCC92_velo_CMdiff_d12_824_Z30-S9_K9;GRCh38;ERCC92;d12;824
GRCh38_ERCC92_velo_CMdiff_d12_824_Z30-S9_E22;GRCh38;ERCC92;d12;824
GRCh38_ERCC92_velo_CMdiff_d12_824_Z30-S9_B3;GRCh38;ERCC92;d12;824
GRCh38_ERCC92_velo_CMdiff_d12_824_Z30-S9_F2;GRCh38;ERCC92;d12;824
GRCh38_ERCC92_velo_CMdiff_d12_824_Z30-S9_O15;GRCh38;ERCC92;d12;824
GRCh38_ERCC92_velo_CMdiff_d12_824_Z30-S9_B19;GRCh38;ERCC92;d12;824
GRCh38_ERCC92_velo_CMdiff_d12_824_Z30-S9_M16;GRCh38;ERCC92;d12;824
GRCh38_ERCC92_velo_CMdiff_d12_824_Z30-S9_P18;GRCh38;ERCC92;d12;824
GRCh38_ERCC92_velo_CMdiff_d12_824_Z30-S9_H18;GRCh38;ERCC92;d12;824
GRCh38_ERCC92_velo_CMdiff_d12_824_Z30-S9_C5;GRCh38;ERCC92;d12;824
GRCh38_ERCC92_velo_CMdiff_d12_824_Z30-S9_M23;GRCh38;ERCC92;d12;824
GRCh38_ERCC92_velo_CMdiff_d12_824_Z30-S9_N17;GRCh38;ERCC92;d12;824
GRCh38_ERCC92_velo_CMdiff_d12_824_Z30-S9_D21;GRCh38;ERCC92;d12;824
GRCh38_ERCC92_velo_CMdiff_d12_824_Z30-S9_J14;GRCh38;ERCC92;d12;824
GRCh38_ERCC92_velo_CMdiff_d12_824_Z30-S9_L20;GRCh38;ERCC92;d12;824
GRCh38_ERCC92_velo_CMdiff_d12_824_Z30-S9_O22;GRCh38;ERCC92;d12;824
GRCh38_ERCC92_velo_CMdiff_d12_824_Z30-S9_J6;GRCh38;ERCC92;d12;824
GRCh38_ERCC92_velo_CMdiff_d12_824_Z30-S9_G22;GRCh38;ERCC92;d12;824
GRCh38_ERCC92_velo_CMdiff_d12_824_Z30-S9_F21;GRCh38;ERCC92;d12;824
GRCh38_ERCC92_velo_CMdiff_d12_824_Z30-S9_E2;GRCh38;ERCC92;d12;824
GRCh38_ERCC92_velo_CMdiff_d12_824_Z30-S9_L16;GRCh38;ERCC92;d12;824
GRCh38_ERCC92_velo_CMdiff_d12_824_Z30-S9_G23;GRCh38;ERCC92;d12;824
GRCh38_ERCC92_velo_CMdiff_d12_824_Z30-S9_M10;GRCh38;ERCC92;d12;824
GRCh38_ERCC92_velo_CMdiff_d12_824_Z30-S9_K8;GRCh38;ERCC92;d12;824
GRCh38_ERCC92_velo_CMdiff_d12_824_Z30-S9_I12;GRCh38;ERCC92;d12;824
GRCh38_ERCC92_velo_CMdiff_d12_824_Z30-S9_M15;GRCh38;ERCC92;d12;824
GRCh38_ERCC92_velo_CMdiff_d12_824_Z30-S9_P7;GRCh38;ERCC92;d12;824
GRCh38_ERCC92_velo_CMdiff_d12_824_Z30-S9_I13;GRCh38;ERCC92;d12;824
GRCh38_ERCC92_velo_CMdiff_d12_824_Z30-S9_O21;GRCh38;ERCC92;d12;824
GRCh38_ERCC92_velo_CMdiff_d12_824_Z30-S9_O24;GRCh38;ERCC92;d12;824
GRCh38_ERCC92_velo_CMdiff_d12_824_Z30-S9_G18;GRCh38;ERCC92;d12;824
GRCh38_ERCC92_velo_CMdiff_d12_824_Z30-S9_P17;GRCh38;ERCC92;d12;824
GRCh38_ERCC92_velo_CMdiff_d12_824_Z30-S9_A1;GRCh38;ERCC92;d12;824
GRCh38_ERCC92_velo_CMdiff_d12_824_Z30-S9_K5;GRCh38;ERCC92;d12;824
GRCh38_ERCC92_velo_CMdiff_d12_824_Z30-S9_F16;GRCh38;ERCC92;d12;824
GRCh38_ERCC92_velo_CMdiff_d12_824_Z30-S9_I2;GRCh38;ERCC92;d12;824
GRCh38_ERCC92_velo_CMdiff_d12_824_Z30-S9_E13;GRCh38;ERCC92;d12;824
GRCh38_ERCC92_velo_CMdiff_d12_824_Z30-S9_D6;GRCh38;ERCC92;d12;824
GRCh38_ERCC92_velo_CMdiff_d12_824_Z30-S9_E23;GRCh38;ERCC92;d12;824
GRCh38_ERCC92_velo_CMdiff_d12_824_Z30-S9_N15;GRCh38;ERCC92;d12;824
GRCh38_ERCC92_velo_CMdiff_d12_824_Z30-S9_F15;GRCh38;ERCC92;d12;824
GRCh38_ERCC92_velo_CMdiff_d12_824_Z30-S9_L22;GRCh38;ERCC92;d12;824
GRCh38_ERCC92_velo_CMdiff_d12_824_Z30-S9_P24;GRCh38;ERCC92;d12;824
GRCh38_ERCC92_velo_CMdiff_d12_824_Z30-S9_H11;GRCh38;ERCC92;d12;824
GRCh38_ERCC92_velo_CMdiff_d12_824_Z30-S9_K24;GRCh38;ERCC92;d12;824
GRCh38_ERCC92_velo_CMdiff_d12_824_Z30-S9_A19;GRCh38;ERCC92;d12;824
GRCh38_ERCC92_velo_CMdiff_d12_824_Z30-S9_F14;GRCh38;ERCC92;d12;824
GRCh38_ERCC92_velo_CMdiff_d12_824_Z30-S9_J3;GRCh38;ERCC92;d12;824
GRCh38_ERCC92_velo_CMdiff_d12_824_Z30-S9_P2;GRCh38;ERCC92;d12;824
GRCh38_ERCC92_velo_CMdiff_d12_824_Z30-S9_A24;GRCh38;ERCC92;d12;824
GRCh38_ERCC92_velo_CMdiff_d12_824_Z30-S9_E1;GRCh38;ERCC92;d12;824
GRCh38_ERCC92_velo_CMdiff_d12_824_Z30-S9_G12;GRCh38;ERCC92;d12;824
GRCh38_ERCC92_velo_CMdiff_d12_824_Z30-S9_B2;GRCh38;ERCC92;d12;824
GRCh38_ERCC92_velo_CMdiff_d12_824_Z30-S9_N23;GRCh38;ERCC92;d12;824
GRCh38_ERCC92_velo_CMdiff_d12_824_Z30-S9_C15;GRCh38;ERCC92;d12;824
GRCh38_ERCC92_velo_CMdiff_d12_824_Z30-S9_E24;GRCh38;ERCC92;d12;824
GRCh38_ERCC92_velo_CMdiff_d12_824_Z30-S9_C4;GRCh38;ERCC92;d12;824
GRCh38_ERCC92_velo_CMdiff_d12_824_Z30-S9_C16;GRCh38;ERCC92;d12;824
GRCh38_ERCC92_velo_CMdiff_d12_824_Z30-S9_O9;GRCh38;ERCC92;d12;824
GRCh38_ERCC92_velo_CMdiff_d12_824_Z30-S9_N12;GRCh38;ERCC92;d12;824
GRCh38_ERCC92_velo_CMdiff_d12_824_Z30-S9_I6;GRCh38;ERCC92;d12;824
GRCh38_ERCC92_velo_CMdiff_d12_824_Z30-S9_G3;GRCh38;ERCC92;d12;824
GRCh38_ERCC92_velo_CMdiff_d12_824_Z30-S9_K10;GRCh38;ERCC92;d12;824
GRCh38_ERCC92_velo_CMdiff_d12_824_Z30-S9_F7;GRCh38;ERCC92;d12;824
GRCh38_ERCC92_velo_CMdiff_d12_824_Z30-S9_K16;GRCh38;ERCC92;d12;824
GRCh38_ERCC92_velo_CMdiff_d12_824_Z30-S9_O20;GRCh38;ERCC92;d12;824
GRCh38_ERCC92_velo_CMdiff_d12_824_Z30-S9_H6;GRCh38;ERCC92;d12;824
GRCh38_ERCC92_velo_CMdiff_d12_824_Z30-S9_H9;GRCh38;ERCC92;d12;824
GRCh38_ERCC92_velo_CMdiff_d12_824_Z30-S9_I11;GRCh38;ERCC92;d12;824
GRCh38_ERCC92_velo_CMdiff_d12_824_Z30-S9_C6;GRCh38;ERCC92;d12;824
GRCh38_ERCC92_velo_CMdiff_d12_824_Z30-S9_M13;GRCh38;ERCC92;d12;824
GRCh38_ERCC92_velo_CMdiff_d12_824_Z30-S9_H16;GRCh38;ERCC92;d12;824
GRCh38_ERCC92_velo_CMdiff_d12_824_Z30-S9_D7;GRCh38;ERCC92;d12;824
GRCh38_ERCC92_velo_CMdiff_d12_824_Z30-S9_J15;GRCh38;ERCC92;d12;824
GRCh38_ERCC92_velo_CMdiff_d12_824_Z30-S9_D8;GRCh38;ERCC92;d12;824
GRCh38_ERCC92_velo_CMdiff_d12_824_Z30-S9_D5;GRCh38;ERCC92;d12;824
GRCh38_ERCC92_velo_CMdiff_d12_824_Z30-S9_B16;GRCh38;ERCC92;d12;824
GRCh38_ERCC92_velo_CMdiff_d12_824_Z30-S9_C1;GRCh38;ERCC92;d12;824
GRCh38_ERCC92_velo_CMdiff_d12_824_Z30-S9_C13;GRCh38;ERCC92;d12;824
GRCh38_ERCC92_velo_CMdiff_d12_824_Z30-S9_P20;GRCh38;ERCC92;d12;824
GRCh38_ERCC92_velo_CMdiff_d12_824_Z30-S9_P9;GRCh38;ERCC92;d12;824
GRCh38_ERCC92_velo_CMdiff_d12_824_Z30-S9_H1;GRCh38;ERCC92;d12;824
GRCh38_ERCC92_velo_CMdiff_d12_824_Z30-S9_A3;GRCh38;ERCC92;d12;824
GRCh38_ERCC92_velo_CMdiff_d12_824_Z30-S9_O11;GRCh38;ERCC92;d12;824
GRCh38_ERCC92_velo_CMdiff_d12_824_Z30-S9_K2;GRCh38;ERCC92;d12;824
GRCh38_ERCC92_velo_CMdiff_d12_824_Z30-S9_J11;GRCh38;ERCC92;d12;824
GRCh38_ERCC92_velo_CMdiff_d12_824_Z30-S9_O12;GRCh38;ERCC92;d12;824
GRCh38_ERCC92_velo_CMdiff_d12_824_Z30-S9_K15;GRCh38;ERCC92;d12;824
GRCh38_ERCC92_velo_CMdiff_d12_824_Z30-S9_K1;GRCh38;ERCC92;d12;824
GRCh38_ERCC92_velo_CMdiff_d12_824_Z30-S9_N19;GRCh38;ERCC92;d12;824
GRCh38_ERCC92_velo_CMdiff_d12_824_Z30-S9_E21;GRCh38;ERCC92;d12;824
GRCh38_ERCC92_velo_CMdiff_d12_824_Z30-S9_P5;GRCh38;ERCC92;d12;824
GRCh38_ERCC92_velo_CMdiff_d12_824_Z30-S9_K17;GRCh38;ERCC92;d12;824
GRCh38_ERCC92_velo_CMdiff_d12_824_Z30-S9_M3;GRCh38;ERCC92;d12;824
GRCh38_ERCC92_velo_CMdiff_d12_824_Z30-S9_D9;GRCh38;ERCC92;d12;824
GRCh38_ERCC92_velo_CMdiff_d12_824_Z30-S9_L2;GRCh38;ERCC92;d12;824
GRCh38_ERCC92_velo_CMdiff_d12_824_Z30-S9_C9;GRCh38;ERCC92;d12;824
GRCh38_ERCC92_velo_CMdiff_d12_824_Z30-S9_N10;GRCh38;ERCC92;d12;824
GRCh38_ERCC92_velo_CMdiff_d12_824_Z30-S9_A15;GRCh38;ERCC92;d12;824
GRCh38_ERCC92_velo_CMdiff_d12_824_Z30-S9_B21;GRCh38;ERCC92;d12;824
GRCh38_ERCC92_velo_CMdiff_d12_824_Z30-S9_P6;GRCh38;ERCC92;d12;824
GRCh38_ERCC92_velo_CMdiff_d12_824_Z30-S9_L9;GRCh38;ERCC92;d12;824
GRCh38_ERCC92_velo_CMdiff_d12_824_Z30-S9_G7;GRCh38;ERCC92;d12;824
GRCh38_ERCC92_velo_CMdiff_d12_824_Z30-S9_D19;GRCh38;ERCC92;d12;824
GRCh38_ERCC92_velo_CMdiff_d12_824_Z30-S9_E19;GRCh38;ERCC92;d12;824
GRCh38_ERCC92_velo_CMdiff_d12_824_Z30-S9_B9;GRCh38;ERCC92;d12;824
GRCh38_ERCC92_velo_CMdiff_d12_824_Z30-S9_D16;GRCh38;ERCC92;d12;824
GRCh38_ERCC92_velo_CMdiff_d12_824_Z30-S9_O2;GRCh38;ERCC92;d12;824
GRCh38_ERCC92_velo_CMdiff_d12_824_Z30-S9_I3;GRCh38;ERCC92;d12;824
GRCh38_ERCC92_velo_CMdiff_d12_824_Z30-S9_D18;GRCh38;ERCC92;d12;824
GRCh38_ERCC92_velo_CMdiff_d12_824_Z30-S9_J20;GRCh38;ERCC92;d12;824
GRCh38_ERCC92_velo_CMdiff_d12_824_Z30-S9_C14;GRCh38;ERCC92;d12;824
GRCh38_ERCC92_velo_CMdiff_d12_824_Z30-S9_E11;GRCh38;ERCC92;d12;824
GRCh38_ERCC92_velo_CMdiff_d12_824_Z30-S9_L18;GRCh38;ERCC92;d12;824
GRCh38_ERCC92_velo_CMdiff_d12_824_Z30-S9_G2;GRCh38;ERCC92;d12;824
GRCh38_ERCC92_velo_CMdiff_d12_824_Z30-S9_H19;GRCh38;ERCC92;d12;824
GRCh38_ERCC92_velo_CMdiff_d12_824_Z30-S9_L19;GRCh38;ERCC92;d12;824
GRCh38_ERCC92_velo_CMdiff_d12_824_Z30-S9_E16;GRCh38;ERCC92;d12;824
GRCh38_ERCC92_velo_CMdiff_d12_824_Z30-S9_K7;GRCh38;ERCC92;d12;824
GRCh38_ERCC92_velo_CMdiff_d12_824_Z30-S9_D12;GRCh38;ERCC92;d12;824
GRCh38_ERCC92_velo_CMdiff_d12_824_Z30-S9_G6;GRCh38;ERCC92;d12;824
GRCh38_ERCC92_velo_CMdiff_d12_824_Z30-S9_L5;GRCh38;ERCC92;d12;824
GRCh38_ERCC92_velo_CMdiff_d12_824_Z30-S9_G24;GRCh38;ERCC92;d12;824
GRCh38_ERCC92_velo_CMdiff_d12_824_Z30-S9_F24;GRCh38;ERCC92;d12;824
GRCh38_ERCC92_velo_CMdiff_d12_824_Z30-S9_B20;GRCh38;ERCC92;d12;824
GRCh38_ERCC92_velo_CMdiff_d12_824_Z30-S9_E4;GRCh38;ERCC92;d12;824
GRCh38_ERCC92_velo_CMdiff_d12_824_Z30-S9_P1;GRCh38;ERCC92;d12;824
GRCh38_ERCC92_velo_CMdiff_d12_824_Z30-S9_I22;GRCh38;ERCC92;d12;824
GRCh38_ERCC92_velo_CMdiff_d12_824_Z30-S9_I1;GRCh38;ERCC92;d12;824
GRCh38_ERCC92_velo_CMdiff_d12_824_Z30-S9_H10;GRCh38;ERCC92;d12;824
GRCh38_ERCC92_velo_CMdiff_d12_824_Z30-S9_K13;GRCh38;ERCC92;d12;824
GRCh38_ERCC92_velo_CMdiff_d12_824_Z30-S9_O13;GRCh38;ERCC92;d12;824
GRCh38_ERCC92_velo_CMdiff_d12_824_Z30-S9_H20;GRCh38;ERCC92;d12;824
GRCh38_ERCC92_velo_CMdiff_d12_824_Z30-S9_E18;GRCh38;ERCC92;d12;824
GRCh38_ERCC92_velo_CMdiff_d12_824_Z30-S9_K21;GRCh38;ERCC92;d12;824
GRCh38_ERCC92_velo_CMdiff_d12_824_Z30-S9_E3;GRCh38;ERCC92;d12;824
GRCh38_ERCC92_velo_CMdiff_d12_824_Z30-S9_D13;GRCh38;ERCC92;d12;824
GRCh38_ERCC92_velo_CMdiff_d12_824_Z30-S9_L17;GRCh38;ERCC92;d12;824
GRCh38_ERCC92_velo_CMdiff_d12_824_Z30-S9_L6;GRCh38;ERCC92;d12;824
GRCh38_ERCC92_velo_CMdiff_d12_824_Z30-S9_I20;GRCh38;ERCC92;d12;824
GRCh38_ERCC92_velo_CMdiff_d12_824_Z30-S9_B13;GRCh38;ERCC92;d12;824
GRCh38_ERCC92_velo_CMdiff_d12_824_Z30-S9_C8;GRCh38;ERCC92;d12;824
GRCh38_ERCC92_velo_CMdiff_d12_824_Z30-S9_J13;GRCh38;ERCC92;d12;824
GRCh38_ERCC92_velo_CMdiff_d12_824_Z30-S9_K14;GRCh38;ERCC92;d12;824
GRCh38_ERCC92_velo_CMdiff_d12_824_Z30-S9_N8;GRCh38;ERCC92;d12;824
GRCh38_ERCC92_velo_CMdiff_d12_824_Z30-S9_A21;GRCh38;ERCC92;d12;824
GRCh38_ERCC92_velo_CMdiff_d12_824_Z30-S9_G16;GRCh38;ERCC92;d12;824
GRCh38_ERCC92_velo_CMdiff_d12_824_Z30-S9_P11;GRCh38;ERCC92;d12;824
GRCh38_ERCC92_velo_CMdiff_d12_824_Z30-S9_E7;GRCh38;ERCC92;d12;824
GRCh38_ERCC92_velo_CMdiff_d12_824_Z30-S9_F5;GRCh38;ERCC92;d12;824
GRCh38_ERCC92_velo_CMdiff_d12_824_Z30-S9_G4;GRCh38;ERCC92;d12;824
GRCh38_ERCC92_velo_CMdiff_d12_824_Z30-S9_D4;GRCh38;ERCC92;d12;824
GRCh38_ERCC92_velo_CMdiff_d12_824_Z30-S9_O8;GRCh38;ERCC92;d12;824
GRCh38_ERCC92_velo_CMdiff_d12_824_Z30-S9_A14;GRCh38;ERCC92;d12;824
GRCh38_ERCC92_velo_CMdiff_d12_824_Z30-S9_B17;GRCh38;ERCC92;d12;824
GRCh38_ERCC92_velo_CMdiff_d12_824_Z30-S9_C17;GRCh38;ERCC92;d12;824
GRCh38_ERCC92_velo_CMdiff_d12_824_Z30-S9_F3;GRCh38;ERCC92;d12;824
GRCh38_ERCC92_velo_CMdiff_d12_824_Z30-S9_O5;GRCh38;ERCC92;d12;824
GRCh38_ERCC92_velo_CMdiff_d12_824_Z30-S9_B15;GRCh38;ERCC92;d12;824
GRCh38_ERCC92_velo_CMdiff_d12_824_Z30-S9_B10;GRCh38;ERCC92;d12;824
GRCh38_ERCC92_velo_CMdiff_d12_824_Z30-S9_A18;GRCh38;ERCC92;d12;824
GRCh38_ERCC92_velo_CMdiff_d12_824_Z30-S9_A11;GRCh38;ERCC92;d12;824
GRCh38_ERCC92_velo_CMdiff_d12_824_Z30-S9_G17;GRCh38;ERCC92;d12;824
GRCh38_ERCC92_velo_CMdiff_d12_824_Z30-S9_F23;GRCh38;ERCC92;d12;824
GRCh38_ERCC92_velo_CMdiff_d12_824_Z30-S9_F6;GRCh38;ERCC92;d12;824
GRCh38_ERCC92_velo_CMdiff_d12_824_Z30-S9_H14;GRCh38;ERCC92;d12;824
GRCh38_ERCC92_velo_CMdiff_d12_824_Z30-S9_L1;GRCh38;ERCC92;d12;824
GRCh38_ERCC92_velo_CMdiff_d12_824_Z30-S9_G20;GRCh38;ERCC92;d12;824
GRCh38_ERCC92_velo_CMdiff_d12_824_Z30-S9_A13;GRCh38;ERCC92;d12;824
GRCh38_ERCC92_velo_CMdiff_d12_824_Z30-S9_L23;GRCh38;ERCC92;d12;824
GRCh38_ERCC92_velo_CMdiff_d12_824_Z30-S9_C20;GRCh38;ERCC92;d12;824
GRCh38_ERCC92_velo_CMdiff_d12_824_Z30-S9_M22;GRCh38;ERCC92;d12;824
GRCh38_ERCC92_velo_CMdiff_d12_824_Z30-S9_M19;GRCh38;ERCC92;d12;824
GRCh38_ERCC92_velo_CMdiff_d12_824_Z30-S9_H4;GRCh38;ERCC92;d12;824
GRCh38_ERCC92_velo_CMdiff_d12_824_Z30-S9_J18;GRCh38;ERCC92;d12;824
GRCh38_ERCC92_velo_CMdiff_d12_824_Z30-S9_F4;GRCh38;ERCC92;d12;824
GRCh38_ERCC92_velo_CMdiff_d12_824_Z30-S9_A4;GRCh38;ERCC92;d12;824
GRCh38_ERCC92_velo_CMdiff_d12_824_Z30-S9_E6;GRCh38;ERCC92;d12;824
GRCh38_ERCC92_velo_CMdiff_d12_824_Z30-S9_L3;GRCh38;ERCC92;d12;824
GRCh38_ERCC92_velo_CMdiff_d12_824_Z30-S9_K18;GRCh38;ERCC92;d12;824
GRCh38_ERCC92_velo_CMdiff_d12_824_Z30-S9_L7;GRCh38;ERCC92;d12;824
GRCh38_ERCC92_velo_CMdiff_d12_824_Z30-S9_H2;GRCh38;ERCC92;d12;824
GRCh38_ERCC92_velo_CMdiff_d12_824_Z30-S9_L8;GRCh38;ERCC92;d12;824
GRCh38_ERCC92_velo_CMdiff_d12_824_Z30-S9_A16;GRCh38;ERCC92;d12;824
GRCh38_ERCC92_velo_CMdiff_d12_824_Z30-S9_J2;GRCh38;ERCC92;d12;824
GRCh38_ERCC92_velo_CMdiff_d12_824_Z30-S9_E15;GRCh38;ERCC92;d12;824
GRCh38_ERCC92_velo_CMdiff_d12_824_Z30-S9_N11;GRCh38;ERCC92;d12;824
GRCh38_ERCC92_velo_CMdiff_d12_824_Z30-S9_K20;GRCh38;ERCC92;d12;824
GRCh38_ERCC92_velo_CMdiff_d12_824_Z30-S9_M14;GRCh38;ERCC92;d12;824
GRCh38_ERCC92_velo_CMdiff_d12_824_Z30-S9_N9;GRCh38;ERCC92;d12;824
GRCh38_ERCC92_velo_CMdiff_d12_824_Z30-S9_J7;GRCh38;ERCC92;d12;824
GRCh38_ERCC92_velo_CMdiff_d12_824_Z30-S9_B6;GRCh38;ERCC92;d12;824
GRCh38_ERCC92_velo_CMdiff_d12_824_Z30-S9_P4;GRCh38;ERCC92;d12;824
GRCh38_ERCC92_velo_CMdiff_d12_824_Z30-S9_C21;GRCh38;ERCC92;d12;824
GRCh38_ERCC92_velo_CMdiff_d12_824_Z30-S9_K3;GRCh38;ERCC92;d12;824
GRCh38_ERCC92_velo_CMdiff_d12_824_Z30-S9_A10;GRCh38;ERCC92;d12;824
GRCh38_ERCC92_velo_CMdiff_d12_824_Z30-S9_B14;GRCh38;ERCC92;d12;824
GRCh38_ERCC92_velo_CMdiff_d12_824_Z30-S9_A23;GRCh38;ERCC92;d12;824
GRCh38_ERCC92_velo_CMdiff_d12_824_Z30-S9_I7;GRCh38;ERCC92;d12;824
GRCh38_ERCC92_velo_CMdiff_d12_824_Z30-S9_B18;GRCh38;ERCC92;d12;824
GRCh38_ERCC92_velo_CMdiff_d12_824_Z30-S9_B7;GRCh38;ERCC92;d12;824
GRCh38_ERCC92_velo_CMdiff_d12_824_Z30-S9_O1;GRCh38;ERCC92;d12;824
GRCh38_ERCC92_velo_CMdiff_d12_824_Z30-S9_O23;GRCh38;ERCC92;d12;824
GRCh38_ERCC92_velo_CMdiff_d12_824_Z30-S9_F19;GRCh38;ERCC92;d12;824
GRCh38_ERCC92_velo_CMdiff_d12_824_Z30-S9_A9;GRCh38;ERCC92;d12;824
GRCh38_ERCC92_velo_CMdiff_d12_824_Z30-S9_H8;GRCh38;ERCC92;d12;824
GRCh38_ERCC92_velo_CMdiff_d12_824_Z30-S9_H17;GRCh38;ERCC92;d12;824
GRCh38_ERCC92_velo_CMdiff_d12_824_Z30-S9_M8;GRCh38;ERCC92;d12;824
GRCh38_ERCC92_velo_CMdiff_d12_824_Z30-S9_O19;GRCh38;ERCC92;d12;824
GRCh38_ERCC92_velo_CMdiff_d12_824_Z30-S9_F13;GRCh38;ERCC92;d12;824
GRCh38_ERCC92_velo_CMdiff_d12_824_Z30-S9_L12;GRCh38;ERCC92;d12;824
GRCh38_ERCC92_velo_CMdiff_d12_824_Z30-S9_H15;GRCh38;ERCC92;d12;824
GRCh38_ERCC92_velo_CMdiff_d12_824_Z30-S9_I4;GRCh38;ERCC92;d12;824
GRCh38_ERCC92_velo_CMdiff_d12_824_Z30-S9_N3;GRCh38;ERCC92;d12;824
GRCh38_ERCC92_velo_CMdiff_d12_824_Z30-S9_M18;GRCh38;ERCC92;d12;824
GRCh38_ERCC92_velo_CMdiff_d12_824_Z30-S9_A7;GRCh38;ERCC92;d12;824
GRCh38_ERCC92_velo_CMdiff_d12_824_Z30-S9_L4;GRCh38;ERCC92;d12;824
GRCh38_ERCC92_velo_CMdiff_d12_824_Z30-S9_A8;GRCh38;ERCC92;d12;824
GRCh38_ERCC92_velo_CMdiff_d12_824_Z30-S9_D23;GRCh38;ERCC92;d12;824
GRCh38_ERCC92_velo_CMdiff_d12_824_Z30-S9_H22;GRCh38;ERCC92;d12;824
GRCh38_ERCC92_velo_CMdiff_d12_824_Z30-S9_J4;GRCh38;ERCC92;d12;824
GRCh38_ERCC92_velo_CMdiff_d12_824_Z30-S9_J9;GRCh38;ERCC92;d12;824
GRCh38_ERCC92_velo_CMdiff_d12_824_Z30-S9_D10;GRCh38;ERCC92;d12;824
GRCh38_ERCC92_velo_CMdiff_d12_824_Z30-S9_I23;GRCh38;ERCC92;d12;824
GRCh38_ERCC92_velo_CMdiff_d12_824_Z30-S9_E8;GRCh38;ERCC92;d12;824
GRCh38_ERCC92_velo_CMdiff_d12_824_Z30-S9_N18;GRCh38;ERCC92;d12;824
GRCh38_ERCC92_velo_CMdiff_d12_824_Z30-S9_O4;GRCh38;ERCC92;d12;824
GRCh38_ERCC92_velo_CMdiff_d12_824_Z30-S9_C2;GRCh38;ERCC92;d12;824
GRCh38_ERCC92_velo_CMdiff_d12_824_Z30-S9_M9;GRCh38;ERCC92;d12;824
GRCh38_ERCC92_velo_CMdiff_d12_824_Z30-S9_C19;GRCh38;ERCC92;d12;824
GRCh38_ERCC92_velo_CMdiff_d12_824_Z30-S9_P16;GRCh38;ERCC92;d12;824
GRCh38_ERCC92_velo_CMdiff_d12_824_Z30-S9_J10;GRCh38;ERCC92;d12;824
GRCh38_ERCC92_velo_CMdiff_d12_824_Z30-S9_M20;GRCh38;ERCC92;d12;824
GRCh38_ERCC92_velo_CMdiff_d12_824_Z30-S9_H5;GRCh38;ERCC92;d12;824
GRCh38_ERCC92_velo_CMdiff_d12_824_Z30-S9_F8;GRCh38;ERCC92;d12;824
GRCh38_ERCC92_velo_CMdiff_d12_824_Z30-S9_K19;GRCh38;ERCC92;d12;824
GRCh38_ERCC92_velo_CMdiff_d12_824_Z30-S9_C10;GRCh38;ERCC92;d12;824
GRCh38_ERCC92_velo_CMdiff_d12_824_Z30-S9_E14;GRCh38;ERCC92;d12;824
GRCh38_ERCC92_velo_CMdiff_d12_824_Z30-S9_I5;GRCh38;ERCC92;d12;824
GRCh38_ERCC92_velo_CMdiff_d12_824_Z30-S9_G9;GRCh38;ERCC92;d12;824
GRCh38_ERCC92_velo_CMdiff_d12_824_Z30-S9_H3;GRCh38;ERCC92;d12;824
GRCh38_ERCC92_velo_CMdiff_d12_824_Z30-S9_N21;GRCh38;ERCC92;d12;824
GRCh38_ERCC92_velo_CMdiff_d12_824_Z30-S9_C18;GRCh38;ERCC92;d12;824
GRCh38_ERCC92_velo_CMdiff_d12_824_Z30-S9_F17;GRCh38;ERCC92;d12;824
GRCh38_ERCC92_velo_CMdiff_d12_824_Z30-S9_G19;GRCh38;ERCC92;d12;824
GRCh38_ERCC92_velo_CMdiff_d12_824_Z30-S9_O17;GRCh38;ERCC92;d12;824
GRCh38_ERCC92_velo_CMdiff_d12_824_Z30-S9_M7;GRCh38;ERCC92;d12;824
GRCh38_ERCC92_velo_CMdiff_d12_824_Z30-S9_N6;GRCh38;ERCC92;d12;824